id;created;updated;title;detail;answer
1;2021-03-23T13:19:48;2021-03-23T16:45:40;Planner Car;transform hack;Awesome Gorgeous compressing
2;2021-03-24T03:04:31;2021-03-23T19:13:41;efficient upward-trending;salmon;wireless
3;2021-03-23T15:46:55;2021-03-24T09:21:31;Dynamic analyzer Investment Account;Practical out-of-the-box Movies;Legacy projection Metal
4;2021-03-24T00:08:41;2021-03-23T11:52:23;Senior Awesome Plastic;Towels invoice;deliverables Central
5;2021-03-23T19:10:37;2021-03-24T06:25:08;interfaces Maryland Sleek;Investment Account;mindshare optical cutting-edge
6;2021-03-24T05:56:50;2021-03-23T13:49:22;program Djibouti;Utah;USB convergence monetize
7;2021-03-24T01:56:44;2021-03-23T18:56:56;copy US Dollar relationships;Proactive;Optimization
8;2021-03-23T17:57:58;2021-03-23T14:48:07;Belarussian Ruble Italy Indian Rupee;Garden;Cambridgeshire
9;2021-03-23T16:50:36;2021-03-24T06:07:47;Latvia holistic Specialist;Quetzal;withdrawal Via
10;2021-03-23T18:34:24;2021-03-23T12:30:04;transmitting Iowa;viral infrastructures Center;structure
